image\label	impervious	water	clutter	vegetation	building	tree	boat	car
10	1	0	1	0	1	0	0	0
1001	1	0	1	0	0	0	0	0
1003	1	1	1	0	0	0	0	0
1004	0	1	1	0	0	0	0	0
1007	1	1	1	0	0	0	0	0
1009	1	0	1	0	0	0	0	0
1013	1	0	1	0	0	0	0	0
1016	1	0	1	0	0	0	0	0
1018	1	0	1	0	0	0	0	0
1020	0	1	1	0	0	0	0	0
1022	1	1	1	0	0	0	0	0
1025	1	0	1	0	0	0	0	0
1027	1	0	1	0	0	0	0	0
1029	1	0	1	0	0	0	0	0
1031	1	0	1	0	0	0	0	0
1033	1	0	1	0	0	0	0	0
1035	1	1	1	0	0	0	0	0
1037	1	1	1	0	0	0	0	0
1038	1	1	1	0	0	0	0	0
104	1	0	1	0	0	0	0	0
1042	1	0	1	0	0	0	0	0
1044	1	0	1	0	0	0	0	0
1046	1	0	1	0	0	0	0	0
1049	1	0	1	0	0	0	0	0
1051	1	1	1	0	0	0	0	0
1053	1	0	1	0	0	0	0	0
1057	1	0	1	0	0	0	0	0
1059	1	0	1	0	0	0	0	0
1060	1	0	1	0	0	0	0	0
1062	1	0	1	0	0	0	0	0
1064	1	0	1	0	0	0	0	0
1071	1	0	1	0	0	0	0	0
1074	1	0	1	0	0	0	0	0
1077	1	0	1	0	0	0	0	0
108	1	0	1	0	1	0	0	0
1080	1	1	0	0	0	0	0	0
1083	1	1	1	0	0	0	0	0
1084	1	1	1	0	0	0	0	0
1086	1	0	1	0	0	0	0	0
1089	1	0	1	0	0	0	0	0
1091	1	0	1	0	0	0	0	0
1093	1	0	1	0	0	0	0	0
1096	1	0	1	0	0	0	0	0
110	1	0	1	0	1	0	0	0
1100	1	1	1	0	0	0	0	0
1104	1	0	1	0	0	0	0	0
1106	1	0	1	0	0	0	0	0
1108	1	0	1	0	0	0	0	0
1110	1	0	1	0	0	0	0	0
1112	1	0	1	0	0	0	0	0
1114	1	0	1	0	0	0	0	0
1116	1	1	0	0	0	0	0	0
1117	1	1	0	0	0	0	0	0
1120	1	0	1	0	0	0	0	0
1122	1	0	1	0	0	0	0	0
1125	1	0	1	0	0	0	0	0
1128	1	0	1	0	0	0	0	0
1131	1	0	1	0	0	0	0	0
1133	1	0	1	0	0	0	0	0
1135	1	1	0	0	0	0	0	0
1137	1	1	1	0	0	0	0	0
1140	1	0	1	0	0	0	0	0
1143	1	0	1	0	0	0	0	0
1145	1	0	1	0	0	0	0	0
1147	1	0	1	0	0	0	0	0
115	1	0	1	0	0	0	0	0
1152	1	0	1	0	0	0	0	0
1153	1	1	1	0	0	0	0	0
1157	1	0	1	0	0	0	0	0
1159	1	0	1	0	0	0	0	0
1160	1	0	1	0	0	0	0	0
1162	1	0	1	0	0	0	0	0
1164	1	0	1	0	0	0	0	0
1167	1	0	1	0	0	0	0	0
1169	1	0	1	0	0	0	0	0
1172	1	1	1	0	0	0	0	0
1173	1	0	1	0	0	0	0	0
1175	1	0	1	0	0	0	0	0
1177	1	0	1	0	0	0	0	0
1179	1	0	1	0	0	0	0	0
1181	1	0	1	0	0	0	0	0
1183	1	0	1	0	0	0	0	0
1185	1	0	1	0	0	0	0	0
1188	1	1	1	0	0	0	0	0
119	1	0	1	0	1	0	0	0
1190	1	1	1	0	0	0	0	0
1193	1	0	1	0	0	0	0	0
1195	1	0	1	0	0	0	0	0
1197	1	0	1	0	0	0	0	0
1200	1	0	1	0	0	0	0	0
1202	1	0	1	0	0	0	0	0
1205	1	0	1	0	0	0	0	0
1207	1	1	0	0	0	0	0	0
1209	1	1	1	0	0	0	0	0
1211	1	0	1	0	0	0	0	0
1213	1	0	1	0	0	0	0	0
1215	1	0	1	0	0	0	0	0
122	1	0	1	0	0	0	0	0
1222	1	0	1	0	0	0	0	0
1225	1	0	1	0	0	0	0	0
1229	1	1	1	0	0	0	0	0
123	1	0	1	1	0	0	0	0
1230	1	1	1	0	0	0	0	0
1233	1	0	1	0	0	0	0	0
1236	1	0	1	0	0	0	0	0
1239	1	0	1	0	0	0	0	0
1241	1	0	1	0	0	0	0	0
1243	1	0	1	0	0	0	0	0
1245	1	0	1	0	0	0	0	0
1247	1	0	1	0	0	0	0	0
1249	1	1	0	0	0	0	0	0
1251	1	1	1	0	0	0	0	0
1253	1	0	1	0	0	0	0	0
1256	1	0	1	0	0	0	0	0
1259	1	0	1	0	0	0	0	0
1260	1	0	1	0	0	0	0	0
1262	1	0	1	0	0	0	0	0
1264	1	0	1	0	0	0	0	0
1266	1	0	1	0	0	0	0	0
1269	1	0	1	0	0	0	0	0
1270	1	1	0	0	0	0	0	0
1273	1	1	1	0	0	0	0	0
1275	1	0	1	0	0	0	0	0
1277	1	0	1	0	0	0	0	0
1279	1	0	1	0	0	0	0	0
1280	1	0	1	0	0	0	0	0
1282	1	0	1	0	0	0	0	0
1284	1	0	1	0	0	0	0	0
1287	1	0	1	0	0	0	0	0
129	1	0	1	0	0	0	0	0
1291	1	1	0	0	0	0	0	0
1293	1	1	0	0	0	0	0	0
1297	1	1	1	0	0	0	0	0
1298	1	0	1	0	0	0	0	0
13	1	0	0	0	0	0	0	1
1300	1	0	1	0	0	0	0	0
1303	1	0	1	0	0	0	0	0
1306	1	0	1	0	0	0	0	0
1308	1	0	1	0	0	0	0	0
1310	1	0	1	0	0	0	0	0
1312	1	0	1	0	0	0	0	0
1314	1	0	1	0	0	0	0	0
1318	1	1	0	0	0	0	0	0
132	1	0	1	0	0	0	0	0
1320	1	1	1	0	0	0	0	0
1324	1	0	1	0	0	0	0	0
1328	1	0	1	0	0	0	0	0
133	1	0	1	0	0	0	0	0
1331	1	0	1	0	0	0	0	0
1333	1	0	1	0	0	0	0	0
1335	1	0	1	0	0	0	0	0
1337	1	0	1	0	0	0	0	0
1342	1	1	0	0	0	0	0	0
1343	1	1	0	0	0	0	0	0
1346	1	1	1	0	0	0	0	0
1348	1	0	1	0	0	0	0	0
135	1	0	1	0	0	0	0	0
1353	1	0	1	0	0	0	0	0
1355	1	0	1	0	0	0	0	0
1357	1	0	1	0	0	0	0	0
1361	1	0	1	0	0	0	0	0
1363	1	0	1	0	0	0	0	0
1365	1	0	1	0	0	0	0	0
1368	1	1	0	0	0	0	0	0
137	1	0	1	0	0	0	0	0
1371	1	1	0	0	0	0	0	0
1373	1	1	1	0	0	0	0	0
1375	1	0	1	0	0	0	0	0
1378	1	0	1	0	0	0	0	0
138	1	0	1	0	1	0	0	0
1382	1	0	1	0	0	0	0	0
1384	1	0	1	0	0	0	0	0
1387	1	0	1	0	0	0	0	0
1389	1	0	1	0	0	0	0	0
1390	1	0	1	0	0	0	0	0
1392	1	1	0	0	0	0	0	0
1394	1	1	0	0	0	0	0	0
1397	1	1	1	0	0	0	0	0
1398	1	1	1	0	0	0	0	0
14	1	0	1	0	0	0	0	0
1400	1	0	1	0	0	0	0	0
1405	1	0	1	0	0	0	0	0
1407	1	0	1	0	0	0	0	0
141	1	0	1	0	1	0	0	0
1411	1	0	1	0	0	0	0	0
1413	1	0	1	0	0	0	0	0
1416	1	0	1	0	0	0	0	0
1419	1	1	0	0	0	0	0	0
142	1	0	1	0	0	0	0	0
1421	1	1	0	0	0	0	0	1
1423	1	1	1	0	0	0	0	0
1427	1	0	1	0	0	0	0	0
1429	1	0	1	0	0	0	0	0
1430	1	0	1	0	0	0	0	0
1433	1	0	1	0	0	0	0	0
1435	1	0	1	0	0	0	0	0
1438	1	0	1	0	0	0	0	0
1440	1	0	1	0	0	0	0	0
1442	1	0	1	0	0	0	0	0
1447	1	1	1	0	0	0	0	0
1448	1	1	1	0	0	0	0	0
1450	1	0	1	0	0	0	0	0
1452	1	0	1	0	0	0	0	0
1455	1	0	1	0	0	0	0	0
1459	1	0	1	0	0	0	0	0
1461	1	0	1	0	0	0	0	0
1463	1	0	1	0	0	0	0	0
1466	1	0	1	0	0	0	0	0
147	1	0	1	0	0	0	0	0
1470	1	1	0	0	0	0	0	0
1473	1	1	1	0	0	0	0	0
1475	1	0	1	0	0	0	0	0
1478	1	0	1	0	0	0	0	0
1480	1	0	1	0	0	0	0	0
1482	1	0	1	0	0	0	0	0
1484	1	0	1	0	0	0	0	0
1487	1	0	1	0	0	0	0	0
149	1	0	1	0	0	0	0	0
1492	1	0	1	0	0	0	0	0
1497	1	1	1	0	0	0	0	0
15	1	0	1	0	0	0	0	0
150	1	0	0	0	1	0	0	0
1502	1	0	1	0	0	0	0	0
1504	1	0	1	0	0	0	0	0
1507	1	0	1	0	0	0	0	0
1509	1	0	1	0	0	0	0	0
1511	1	0	1	0	0	0	0	0
1513	1	0	1	0	0	0	0	0
1515	1	0	1	0	0	0	0	0
1517	1	0	1	0	0	0	0	0
1519	1	1	1	0	0	0	0	0
1520	1	1	0	0	0	0	0	0
1522	1	1	0	0	0	0	0	0
1524	1	1	1	0	0	0	0	0
1525	1	0	1	0	0	0	0	0
1527	1	0	1	0	0	0	0	0
1529	1	0	1	0	1	0	0	0
1530	1	0	1	0	1	0	0	0
1532	1	0	1	0	1	0	0	0
1534	1	0	1	0	1	0	0	0
1536	1	0	1	0	0	0	0	0
1539	1	0	1	0	0	0	0	0
1540	1	0	1	0	0	0	0	0
1543	1	0	1	0	0	0	0	0
1549	1	1	1	0	0	0	0	0
1551	1	0	1	0	0	0	0	1
1553	1	0	1	0	1	0	0	1
1556	1	0	1	0	1	0	0	0
1558	1	0	1	0	1	0	0	1
156	1	0	1	0	0	0	0	0
1561	1	0	1	0	1	0	0	0
1563	1	0	1	0	0	0	0	0
1567	1	0	1	0	0	0	0	0
1569	1	0	1	0	0	0	0	0
1570	1	0	1	0	0	0	0	0
1572	1	0	1	0	0	0	0	0
1577	1	1	0	0	0	0	0	0
158	1	0	1	0	0	0	0	0
1581	1	0	1	0	0	0	0	0
1584	1	1	1	0	0	0	0	0
1585	1	1	1	0	0	0	0	0
1587	0	1	1	0	0	0	0	0
1590	1	0	1	0	0	0	0	0
1592	1	0	1	0	0	0	0	0
1594	1	0	1	0	0	0	0	0
1595	1	1	1	0	0	0	0	0
1598	0	1	1	0	0	0	0	0
160	1	0	1	0	0	0	0	0
1603	1	0	1	0	0	0	0	0
1605	1	0	1	0	0	0	0	0
1607	1	1	1	0	0	0	0	0
1609	0	1	1	0	0	0	0	0
1612	1	1	0	0	0	0	0	0
1615	1	0	1	0	0	0	0	0
1617	1	1	1	0	0	0	0	0
1622	1	1	0	0	0	0	0	0
1623	1	0	1	0	0	0	0	0
1627	1	1	0	0	0	0	0	0
1628	1	1	0	0	0	0	0	0
163	1	0	1	0	0	0	0	0
1632	1	1	0	0	1	0	0	0
1634	1	0	1	0	0	0	0	0
1639	1	1	0	0	0	0	0	0
1640	1	1	0	0	0	0	0	0
1642	1	1	0	0	1	0	0	0
1643	1	0	0	0	1	0	0	0
1644	1	0	1	0	0	0	0	0
1648	1	1	0	0	0	0	0	0
1650	1	1	0	0	0	0	0	0
1652	1	0	0	0	1	0	0	0
1654	1	0	0	0	1	0	0	0
1656	1	0	1	0	0	0	0	0
1658	1	1	0	0	0	0	0	0
1661	1	1	0	0	0	0	0	0
1664	1	0	0	0	1	0	0	0
1666	1	0	0	0	1	0	0	0
1668	1	0	1	0	0	0	0	0
1669	1	1	0	0	0	0	0	0
1671	1	1	0	0	0	0	0	0
1673	1	1	0	0	0	0	0	0
1676	1	0	0	0	1	0	0	0
1679	1	0	0	0	1	0	0	0
168	1	0	1	0	1	0	0	0
1681	1	1	0	0	0	0	0	0
1683	1	1	0	0	0	0	0	0
1685	1	1	0	0	0	0	0	0
1686	1	1	0	0	0	0	0	0
169	1	0	1	0	1	0	0	0
1691	1	1	0	0	0	0	0	0
1696	1	1	0	0	0	0	0	0
1698	1	1	0	0	1	0	0	0
170	1	0	1	0	1	0	0	0
1700	1	1	0	0	0	0	0	0
1703	1	1	0	0	0	0	0	0
1704	1	1	0	0	0	0	0	0
1707	1	1	0	0	0	0	0	0
1710	1	0	0	0	1	0	0	0
1711	1	0	1	0	0	0	0	0
1716	1	1	0	0	0	0	0	0
1717	1	1	0	0	0	0	0	0
1720	1	1	0	0	0	0	0	0
1721	1	1	0	0	0	0	0	0
1725	1	1	0	0	0	0	1	0
1727	1	0	1	0	0	0	0	0
1729	1	1	1	0	0	0	0	0
173	1	0	1	0	0	0	0	0
1731	0	1	1	0	0	0	0	0
1733	0	1	1	0	0	0	0	0
1734	1	1	0	0	0	0	0	0
1736	1	1	0	0	0	0	0	0
1737	1	1	0	0	0	0	0	0
1739	1	1	0	0	0	0	0	0
1741	1	1	0	0	0	0	0	0
1746	1	0	1	0	0	0	0	0
1748	1	1	1	0	0	0	0	0
1749	1	1	1	0	0	0	0	0
175	1	0	1	0	0	0	0	0
1755	1	1	0	0	0	0	0	0
1759	1	1	0	0	0	0	0	0
1761	1	1	0	0	0	0	0	0
1764	1	1	0	0	0	0	1	0
1766	1	0	1	0	0	0	0	0
1768	1	1	1	0	0	0	0	0
1771	1	1	0	0	0	0	0	0
1773	1	1	0	0	0	0	0	0
1775	1	1	0	0	0	0	0	0
1778	1	1	0	0	0	0	0	0
1780	1	1	0	0	0	0	0	0
1782	1	1	0	0	0	0	0	0
1783	0	1	0	0	0	0	1	0
1786	1	1	0	0	0	0	0	0
1789	1	1	0	0	0	0	0	0
179	1	0	0	0	1	0	0	1
1790	1	1	0	0	0	0	0	0
1792	1	1	0	0	0	0	0	0
1795	1	1	0	0	0	0	0	0
1797	1	1	0	0	0	0	0	0
18	1	0	1	0	0	0	0	0
1802	1	1	0	0	0	0	0	0
1804	1	1	0	0	0	0	0	0
1807	1	1	0	0	0	0	0	0
1809	1	1	0	0	0	0	0	0
1811	1	1	0	0	0	0	0	0
1814	1	1	0	0	0	0	0	0
1819	1	1	1	0	0	0	0	0
182	1	0	1	0	0	0	0	0
1821	1	1	0	0	0	0	0	0
1822	1	1	0	0	0	0	0	0
1826	1	1	0	0	0	0	0	0
1827	1	1	0	0	0	0	0	0
1829	0	1	1	0	0	0	0	0
1831	1	1	0	1	0	0	1	0
1834	1	1	0	0	0	0	0	0
1838	1	1	0	0	0	0	0	0
1839	0	1	0	0	0	0	1	0
1842	1	1	0	1	0	0	1	1
1846	1	1	0	0	0	0	0	0
1849	1	1	0	0	0	0	1	0
185	1	0	1	0	0	0	0	0
1850	1	1	0	0	0	0	1	0
1851	1	1	0	1	1	0	1	1
1852	1	1	0	1	1	0	0	1
1854	1	1	0	0	0	0	0	0
1856	0	1	1	0	0	0	0	0
1858	1	1	0	0	0	0	1	0
1859	1	1	0	0	0	0	1	1
1860	1	1	0	1	1	0	1	1
1861	1	1	0	1	1	0	1	1
1863	1	1	0	0	0	0	0	0
1864	1	1	0	0	0	0	0	0
1866	0	1	1	0	0	0	0	0
1867	1	1	0	0	0	0	1	0
1868	1	1	0	1	0	0	1	0
1870	1	1	0	1	1	0	1	1
1872	1	0	0	1	1	0	0	0
1873	1	1	1	0	0	0	0	0
1874	1	1	0	0	0	0	0	0
1875	1	1	1	0	0	0	0	0
1876	1	1	1	1	0	0	1	0
1877	1	1	0	1	1	0	1	0
1878	1	1	0	1	1	0	1	1
188	1	0	1	0	0	0	0	0
1880	1	0	0	1	1	0	0	1
1882	1	1	1	0	0	0	0	0
1883	1	1	0	0	0	0	0	0
1884	1	1	0	0	0	0	0	0
1885	1	1	1	1	0	0	0	0
1887	1	1	0	1	1	0	0	0
1891	1	0	0	1	1	0	0	0
1892	1	1	0	0	0	0	0	0
1893	1	1	0	0	0	0	0	0
1894	1	1	0	0	0	0	0	0
1895	1	1	0	0	0	0	0	0
1896	1	1	0	0	0	0	0	1
1898	1	1	0	1	0	0	0	1
1899	1	0	1	1	1	0	0	1
1900	1	0	1	1	1	0	0	0
1902	1	0	0	1	1	0	0	0
1904	1	1	1	0	0	0	0	0
1905	1	1	0	0	0	0	0	0
1906	1	1	0	0	0	0	0	0
1907	1	1	0	0	0	0	0	0
1909	1	1	0	1	0	0	0	1
1910	1	1	0	1	1	0	0	1
1911	1	0	0	1	1	0	0	1
1912	1	0	1	1	1	0	0	1
1914	1	0	1	1	1	0	0	0
1918	1	1	1	0	0	0	0	0
1919	1	1	1	0	0	0	0	0
1920	1	1	0	0	0	0	0	0
1921	1	1	0	1	1	0	0	0
1923	1	1	0	1	1	0	0	1
1924	1	0	0	1	1	0	0	1
1929	1	0	0	1	1	0	0	1
193	1	0	1	0	0	0	0	0
1932	1	1	1	0	0	0	0	0
1933	1	1	1	0	0	0	0	0
1934	1	1	0	0	0	0	0	0
1935	1	1	0	1	1	0	0	0
1936	1	1	0	1	1	0	0	0
1937	1	1	0	1	1	0	0	0
1939	1	0	0	1	1	0	0	0
1941	1	0	0	1	1	0	0	0
1945	1	0	0	1	0	0	0	1
1946	1	0	0	0	1	0	0	1
1949	1	0	0	0	1	0	0	1
195	1	0	1	0	0	0	0	0
1951	1	0	0	0	1	0	0	1
1955	1	1	1	0	0	0	1	1
1956	1	1	1	0	0	0	1	1
1957	1	1	1	0	0	0	1	1
1958	1	1	1	0	0	0	1	1
1959	1	1	1	0	0	0	1	0
196	1	0	1	0	1	0	0	0
1962	0	1	1	0	0	0	1	0
1964	0	1	1	0	0	0	1	0
1966	0	1	1	0	0	0	1	0
1970	0	1	0	0	0	0	1	0
1971	1	1	0	0	0	0	1	0
1972	1	1	0	0	1	0	0	0
1973	1	1	0	0	1	0	1	0
1974	1	1	0	0	0	0	1	0
1975	1	1	0	0	0	0	1	0
1976	1	1	1	1	0	0	1	0
1977	1	0	1	1	0	0	0	1
1978	1	0	0	0	1	0	0	1
1981	1	0	0	0	1	0	0	1
1983	1	0	0	0	1	0	0	1
1985	1	1	1	0	0	0	0	1
1986	1	1	1	0	0	0	1	1
1987	1	1	1	0	0	0	1	1
1988	1	1	1	0	0	0	1	1
1989	1	1	1	0	0	0	1	0
199	1	0	1	0	0	0	0	0
1990	1	1	1	0	0	0	1	0
1991	0	1	1	0	0	0	1	0
1993	0	1	1	0	0	0	1	0
1995	0	1	1	0	0	0	1	0
2	1	1	0	0	0	0	0	0
200	1	0	1	0	0	0	0	0
2000	1	1	0	0	1	0	1	0
2001	1	1	0	0	1	0	1	0
2002	1	1	0	0	1	0	1	0
2003	1	1	0	0	1	0	0	0
2004	1	1	0	0	1	0	1	0
2005	1	1	0	0	1	0	1	0
2007	1	0	1	1	0	0	0	0
201	1	0	1	0	0	0	0	0
2010	1	0	0	0	1	0	0	1
2013	1	1	1	0	1	0	1	1
2014	1	1	1	0	0	0	1	1
2016	1	1	1	0	0	0	1	1
2017	1	1	1	0	0	0	1	0
2018	1	1	1	0	0	0	1	0
2020	0	1	1	0	0	0	1	0
2022	0	1	1	0	0	0	1	0
2027	0	1	1	0	0	0	1	0
2028	0	1	0	0	0	0	1	0
203	1	0	1	0	0	0	0	0
2032	1	1	0	0	1	0	1	0
2033	1	1	0	0	1	0	1	0
2034	1	1	0	0	1	0	1	0
2035	1	1	0	0	1	0	0	0
2037	1	0	0	1	1	0	0	0
2039	1	0	1	1	0	0	0	0
2040	1	0	1	1	0	0	0	0
2043	1	1	1	0	0	0	0	1
2045	1	1	1	0	0	0	1	1
2046	1	1	1	0	0	0	1	1
2047	1	1	1	0	0	0	1	0
2048	1	1	1	0	0	0	1	0
2051	0	1	1	0	0	0	1	0
2053	0	1	1	0	0	0	1	0
2059	1	1	0	0	1	0	1	0
206	1	0	0	0	1	0	0	1
2060	1	1	0	0	1	0	1	0
2062	1	1	0	0	1	0	1	0
2063	1	1	0	0	1	0	1	0
2064	1	1	0	0	1	0	1	0
2068	1	0	0	1	1	0	0	1
2070	1	0	1	1	0	0	0	0
2074	1	1	1	0	0	0	1	1
2075	1	1	1	0	0	0	1	1
2077	1	1	1	0	0	0	1	0
2078	0	1	1	0	0	0	1	0
208	1	0	1	0	0	0	0	1
2082	0	1	1	0	0	0	1	0
2084	0	1	1	0	0	0	1	0
2086	0	1	1	0	0	0	1	0
2088	1	1	0	0	0	0	1	0
2089	1	1	0	0	1	0	1	0
2090	1	1	0	0	1	0	1	0
2092	1	1	0	0	1	0	1	0
2093	1	1	0	0	1	0	0	0
2094	1	1	0	0	1	0	0	0
2095	1	0	0	1	1	0	0	0
2098	1	0	0	1	1	0	0	1
210	1	0	1	0	0	0	0	0
2101	1	0	1	1	0	0	0	1
2104	1	0	1	1	0	0	0	1
2105	1	1	1	0	1	0	1	1
2108	0	1	1	0	0	0	1	0
2110	0	1	1	0	0	0	1	0
2112	0	1	1	0	0	0	1	0
2114	0	1	1	0	0	0	1	0
2118	1	1	0	0	1	0	0	0
2119	1	1	0	0	1	0	0	0
2120	1	1	0	0	1	0	1	0
2121	1	1	0	0	1	0	1	0
2122	1	1	0	0	1	0	1	0
2123	1	1	0	0	1	0	1	0
2124	1	0	0	0	1	0	1	0
2126	1	0	0	1	1	0	0	1
213	1	0	1	0	0	0	0	0
2133	1	0	1	1	1	0	0	1
2136	1	0	1	1	0	0	0	1
2137	0	1	1	0	0	0	1	0
2139	0	1	1	0	0	0	1	0
2141	0	1	1	0	0	0	1	0
2143	0	1	1	0	0	0	1	0
2144	0	1	1	0	0	0	1	0
2145	0	1	1	0	0	0	1	0
2148	1	1	0	0	1	0	1	0
2149	1	1	0	0	1	0	0	0
215	1	0	1	0	0	0	0	0
2150	1	1	0	0	1	0	0	0
2152	1	1	0	0	1	0	0	0
2153	1	1	0	0	1	0	0	0
2154	1	0	0	1	1	0	0	0
2157	1	0	0	1	1	0	0	1
2162	1	0	0	1	1	0	0	1
2163	1	0	1	1	1	0	0	0
2165	1	0	1	1	1	0	0	1
2167	1	0	1	1	1	0	0	1
2169	0	1	1	0	0	0	1	0
2170	0	1	1	0	0	0	1	0
2171	0	1	1	0	0	0	1	0
2172	0	1	1	0	0	0	1	0
2173	0	1	1	0	0	0	1	0
2174	0	1	1	0	0	0	1	0
2177	1	1	0	0	1	0	1	0
2178	1	1	0	0	1	0	1	0
2179	1	1	0	0	1	0	1	0
2181	1	1	0	0	1	0	0	0
2182	1	1	0	0	1	0	0	0
2185	1	0	0	1	1	0	0	1
2187	1	0	0	1	1	0	0	1
2189	1	0	0	1	1	0	0	1
219	1	0	1	0	0	0	0	0
2192	1	0	0	1	1	0	0	1
2196	1	0	1	0	1	0	0	1
2198	1	0	1	1	1	0	0	1
220	1	0	1	0	0	0	0	0
2200	0	1	1	0	0	0	1	0
2202	0	1	1	0	0	0	1	0
2203	0	1	1	0	0	0	1	0
2207	1	1	0	0	1	0	0	0
2208	1	1	0	0	1	0	1	0
2209	1	1	0	0	1	0	1	0
2211	1	1	0	0	1	0	1	0
2215	1	0	0	1	1	0	0	1
2217	1	0	0	1	1	0	0	1
2219	1	0	0	1	1	0	0	1
222	1	0	1	0	0	0	0	0
2223	1	0	0	1	1	0	0	1
2225	1	0	1	1	1	0	0	0
2226	1	0	1	0	1	0	0	0
2227	1	0	1	0	1	0	0	1
2228	1	0	1	0	1	0	0	1
2229	1	0	1	1	1	0	0	1
223	1	0	1	0	0	0	0	0
2230	1	0	1	1	0	0	0	0
2231	1	0	1	1	1	0	0	0
2232	0	1	1	0	0	0	1	0
2233	0	1	1	0	0	0	1	0
2235	1	1	0	0	0	0	1	0
2236	1	1	0	0	1	0	1	0
2237	1	1	0	0	1	0	1	0
2238	1	1	0	0	1	0	1	0
2239	1	1	0	0	1	0	0	0
224	1	0	1	0	0	0	0	0
2245	1	0	0	1	1	0	0	1
2249	1	0	0	1	1	0	0	1
2253	1	0	0	1	1	0	0	1
2255	1	0	0	1	1	0	0	1
2256	1	0	1	1	1	0	0	1
2257	1	0	1	1	1	0	0	0
226	1	0	1	0	0	0	0	0
2260	1	0	1	0	1	0	0	1
2261	1	0	1	1	0	0	0	1
2262	1	0	1	1	1	0	0	0
2264	1	1	1	0	0	0	1	0
2265	1	1	0	0	0	0	1	0
2266	1	1	0	0	0	0	1	0
2267	1	1	0	0	0	0	1	1
2268	1	1	0	0	1	0	1	1
2269	1	1	0	0	1	0	1	0
227	1	0	1	0	0	0	0	0
2270	1	1	0	0	1	0	1	0
2271	1	1	0	0	1	0	0	0
2272	1	0	0	1	1	0	0	0
2276	1	0	0	1	1	0	0	1
2278	1	0	0	1	1	0	0	1
228	1	0	1	0	0	0	0	0
2281	1	0	0	1	1	0	0	1
2283	1	0	0	0	1	0	0	0
2285	1	0	0	1	1	0	0	1
2287	1	0	1	1	1	0	0	1
2288	1	0	1	1	1	0	0	0
2289	1	0	1	1	1	0	0	0
229	1	0	1	0	0	0	0	0
2290	1	0	1	1	1	0	0	1
2291	1	0	1	0	1	0	0	1
2292	1	0	1	1	1	0	0	1
2293	1	0	1	1	0	0	0	0
2295	1	0	0	1	1	0	0	0
2296	1	1	1	0	0	0	1	0
2297	1	1	1	0	0	0	1	0
2299	1	1	1	0	0	0	1	1
23	1	0	1	0	0	0	0	0
230	1	0	1	0	0	0	0	0
2300	1	1	0	0	1	0	1	1
2303	1	0	0	1	1	0	0	0
2305	1	0	0	1	1	0	0	1
2307	1	0	0	1	1	0	0	1
231	1	0	1	0	0	0	0	0
2310	1	0	0	1	1	0	0	1
2312	1	0	0	1	1	0	0	1
2314	1	0	0	0	1	0	0	1
2316	1	0	0	0	1	0	0	1
2318	1	0	1	1	1	0	0	1
2319	1	0	1	1	1	0	0	1
232	1	0	1	0	0	0	0	0
2320	1	0	1	1	1	0	0	1
2321	1	0	1	0	1	0	0	1
2322	1	0	1	0	1	0	0	1
2323	1	0	1	1	1	0	0	1
2324	1	0	1	1	0	0	0	0
2326	1	0	0	1	1	0	0	0
2328	1	1	1	0	0	0	1	0
2329	1	1	1	0	0	0	1	0
233	1	0	1	0	0	0	0	0
2330	1	1	1	0	0	0	1	0
2332	1	0	0	1	1	0	0	1
2335	1	0	0	1	1	0	0	1
2337	1	0	0	1	0	0	0	1
234	1	0	0	0	1	0	0	0
2341	1	0	0	1	1	0	0	0
2343	1	0	0	1	1	0	0	0
2348	1	0	0	1	1	0	0	1
235	1	0	0	0	1	0	0	1
2350	1	0	1	1	1	0	0	1
2351	1	0	1	1	1	0	0	1
2354	1	0	1	0	1	0	0	1
2355	1	0	1	1	0	0	0	1
2356	1	0	1	1	0	0	0	0
2357	1	0	0	1	0	0	0	0
2358	1	0	0	1	1	0	0	0
236	1	0	1	0	0	0	0	1
2360	1	1	1	0	0	0	1	0
2361	1	1	1	0	0	0	1	0
2363	1	1	1	0	0	0	0	1
2364	1	0	0	1	0	0	0	1
2366	1	0	0	1	0	0	0	0
2367	1	0	0	1	0	0	0	1
2370	1	0	0	0	1	0	0	1
2372	1	0	0	1	1	0	0	1
2375	1	0	0	1	1	0	0	0
2376	1	0	0	1	0	0	0	1
2378	1	0	0	1	1	0	0	1
238	1	0	1	0	0	0	0	1
2380	1	0	0	1	1	0	0	1
2381	1	0	1	1	1	0	0	1
2385	1	0	1	0	1	0	0	1
2386	1	0	1	1	1	0	0	1
2388	1	0	1	1	0	0	0	0
2389	1	0	0	1	0	0	0	0
239	1	0	1	1	0	0	0	0
2392	1	1	1	0	0	0	1	0
2394	1	1	1	0	0	0	1	0
2395	1	1	1	0	0	0	1	1
2398	1	0	0	1	0	0	0	1
24	1	0	1	0	0	0	0	0
2400	1	0	0	0	0	0	0	1
2402	1	0	0	1	1	0	0	1
2404	1	0	0	1	1	0	0	0
2406	1	0	0	1	0	0	0	0
2408	1	0	0	1	1	0	0	1
241	1	0	1	1	0	0	0	0
2410	1	0	0	1	1	0	0	1
2412	1	0	1	1	1	0	0	1
2413	1	0	1	0	1	0	0	0
2415	1	0	1	0	1	0	0	1
2417	1	0	1	1	0	0	0	1
2418	1	0	1	1	0	0	0	0
2419	1	0	0	1	0	0	0	0
242	1	0	1	1	0	0	0	0
2420	1	0	0	1	0	0	0	0
2421	1	0	0	1	1	0	0	1
2423	0	1	1	0	0	0	0	0
2424	1	1	1	0	0	0	1	0
2426	1	1	0	0	0	0	1	1
2427	1	0	0	0	0	0	0	1
2429	1	0	0	1	0	0	0	1
243	1	0	1	1	0	0	0	0
2431	1	0	0	0	0	0	0	1
2433	1	0	0	1	0	0	0	0
2434	1	0	0	1	0	0	0	0
2435	1	0	0	1	0	0	0	0
2436	1	0	0	1	1	0	0	0
2437	1	1	0	1	1	0	0	1
2438	1	1	0	1	1	0	0	1
244	1	0	1	0	0	0	0	0
2440	1	0	1	1	1	0	0	1
2442	1	0	1	0	1	0	0	0
2443	1	0	0	0	1	0	0	1
2446	1	0	1	1	0	0	0	0
2447	1	0	1	1	1	0	0	0
2449	1	0	0	1	1	0	0	0
245	1	0	1	0	0	0	0	0
2451	1	0	0	1	1	0	0	1
2452	0	1	1	0	0	0	0	0
2453	0	1	1	0	0	0	1	0
2454	1	1	0	0	0	0	1	0
2455	1	1	1	0	0	0	1	1
2456	1	0	1	0	1	0	0	1
2458	1	0	0	0	1	0	0	1
246	1	0	1	0	0	0	0	0
2460	1	0	0	0	1	0	0	1
2461	1	0	0	1	0	0	0	1
2464	1	0	0	1	1	0	0	0
2467	1	0	0	1	1	0	0	0
2468	1	1	0	1	1	0	0	1
2469	1	1	0	1	1	0	0	1
247	1	0	1	0	0	0	0	0
2470	1	0	1	1	1	0	0	1
2471	1	0	1	1	1	0	0	1
2473	1	0	1	0	1	0	0	1
2476	1	0	1	1	0	0	0	1
2477	1	0	1	1	0	0	0	1
2479	1	0	0	1	1	0	0	0
248	1	0	1	0	0	0	0	0
2482	1	0	0	1	1	0	0	1
2484	1	1	0	0	0	0	1	0
2485	1	1	1	0	0	0	1	1
2486	1	0	1	0	1	0	0	1
2488	1	0	0	0	1	0	0	1
2491	1	0	0	1	1	0	0	1
2494	1	0	0	1	1	0	0	0
2496	1	0	0	1	1	0	0	0
2498	1	0	0	1	1	0	0	1
25	1	0	1	0	0	0	0	0
250	1	0	1	0	0	0	0	0
2502	1	0	1	0	1	0	0	1
2504	1	0	1	0	1	1	0	1
2505	1	0	1	1	0	1	0	1
2506	1	0	1	1	0	0	0	1
2508	1	0	0	1	1	0	0	1
2510	1	0	0	1	1	0	0	0
2514	1	1	0	0	0	0	1	0
2515	1	1	0	0	0	0	1	1
2517	1	0	0	0	1	0	0	1
2519	1	0	0	1	1	0	0	0
252	1	0	1	0	0	0	0	0
2524	1	0	0	1	1	0	0	0
2526	1	0	0	1	1	0	0	0
2528	1	0	0	1	1	0	0	1
2529	1	0	1	1	1	0	0	1
253	1	0	1	0	0	0	0	0
2530	1	0	1	0	1	0	0	1
2532	1	0	1	0	1	0	0	1
2533	1	0	1	0	1	0	0	1
2534	1	0	1	0	0	1	0	1
2535	1	0	1	1	1	1	0	0
2536	1	0	1	1	1	0	0	1
254	1	0	1	0	0	0	0	0
2540	1	0	0	1	1	1	0	0
2544	1	1	0	0	0	0	1	0
2546	1	0	0	0	1	0	0	1
2548	1	0	0	1	1	0	0	0
255	1	0	1	0	0	0	0	0
2550	1	0	0	1	1	0	0	0
2551	1	0	0	1	0	0	0	0
2552	1	0	0	1	0	0	0	0
2554	1	0	0	1	1	0	0	0
2558	1	0	1	1	1	0	0	1
2559	1	0	1	0	1	0	0	1
2560	1	0	1	0	1	0	0	1
2561	1	0	1	0	1	0	0	1
2562	1	0	1	0	1	0	0	1
2563	1	0	1	0	1	0	0	0
2564	1	0	1	0	1	0	0	1
2565	1	0	1	1	1	0	0	1
2566	1	0	0	1	1	0	0	1
2568	1	0	0	1	1	1	0	1
257	1	0	1	0	0	0	0	0
2570	1	0	0	1	1	1	0	0
2572	1	0	0	1	1	1	0	1
2573	1	1	0	0	0	0	1	0
2574	1	1	0	0	0	0	1	1
2575	1	1	0	0	0	0	1	1
2577	1	0	0	1	1	0	0	0
2579	1	0	0	1	0	0	0	0
258	1	0	1	0	0	0	0	0
2580	1	0	0	1	1	0	0	0
2582	1	0	0	1	1	0	0	0
2589	1	0	1	0	1	0	0	1
259	1	0	1	0	0	0	0	0
2590	1	0	1	0	1	0	0	1
2591	1	0	1	0	1	0	0	1
2592	1	0	0	0	1	0	0	1
2595	1	0	0	1	1	1	0	1
2597	1	0	0	1	1	1	0	0
26	1	0	1	0	0	0	0	0
2600	1	1	0	0	0	0	1	0
2603	1	0	0	0	1	0	0	1
2605	1	0	0	1	1	0	0	0
2606	1	0	0	1	0	0	0	0
2608	1	0	0	1	1	0	0	0
2610	1	0	0	1	1	0	0	0
2613	1	0	0	1	1	0	0	1
2614	1	0	1	1	1	0	0	1
2615	1	0	1	1	1	0	0	1
2616	1	0	1	1	1	0	0	1
2618	1	0	1	0	1	0	0	1
2619	1	0	1	0	1	0	0	1
262	1	0	1	0	0	0	0	1
2620	1	0	1	1	1	0	0	1
2622	1	0	0	1	1	1	0	1
2624	1	0	0	1	1	1	0	1
2625	1	0	0	1	1	1	0	0
2627	1	0	0	1	1	1	0	1
2628	1	0	0	1	1	1	0	1
2629	0	1	1	0	0	0	0	0
2630	0	1	1	0	0	0	0	0
2632	1	1	0	0	0	0	1	0
2633	1	1	0	0	0	0	1	1
2634	1	0	0	0	1	0	0	1
2635	1	0	0	1	1	0	0	0
2638	1	0	0	1	1	0	0	0
264	1	0	1	0	0	0	0	1
2640	1	0	0	1	0	0	0	0
2641	1	0	0	1	1	0	0	0
2642	1	0	0	1	1	0	0	0
2643	1	0	0	0	1	0	0	0
2644	1	0	1	0	1	0	0	1
2647	1	0	1	1	1	0	0	1
2648	1	0	1	0	1	0	0	1
2649	1	0	1	0	1	0	0	1
265	1	0	1	1	0	0	0	0
2651	1	0	0	1	1	0	0	1
2652	1	0	0	1	1	1	0	1
2653	1	0	0	1	1	1	0	1
2654	1	0	0	1	1	1	0	1
2655	1	0	0	1	1	1	0	1
2656	1	0	0	1	1	1	0	1
2657	1	0	0	1	1	1	0	1
2658	1	0	0	1	1	1	0	1
2659	1	0	0	1	1	1	0	1
266	1	0	1	1	0	0	0	0
2660	1	1	0	0	0	0	0	0
2661	1	1	1	0	0	0	0	0
2662	0	1	1	0	0	0	0	0
2663	0	1	1	0	0	0	0	0
2665	1	1	0	0	0	0	0	1
2666	1	0	0	0	1	0	0	1
2667	1	0	0	1	1	0	0	1
2668	1	0	0	1	1	0	0	0
2669	1	0	0	1	1	0	0	0
267	1	0	1	1	0	0	0	0
2670	1	0	0	1	1	0	0	0
2671	1	0	0	1	1	0	0	0
2672	1	0	0	1	0	0	0	0
2673	1	0	0	1	1	0	0	0
2675	1	0	0	1	1	1	0	0
2677	1	0	1	1	1	1	0	1
2678	1	0	1	1	1	0	0	1
2679	1	0	1	1	1	0	0	1
268	1	0	0	1	0	0	0	0
2680	1	0	1	0	0	0	0	1
2682	1	0	0	1	1	0	0	1
2683	1	0	0	1	1	1	0	1
2685	1	0	0	1	1	1	0	1
2686	1	0	0	1	1	0	0	1
2687	1	0	0	1	1	1	0	1
2689	1	0	0	1	1	1	0	1
269	1	0	1	1	0	0	0	0
2690	1	0	0	1	1	0	0	1
2691	1	0	0	1	1	0	0	1
2692	1	1	0	0	0	0	0	0
2693	1	1	1	0	0	0	0	0
2695	0	1	1	0	0	0	1	0
2696	1	1	1	0	0	0	0	0
2698	1	0	0	0	1	0	0	1
2699	1	0	0	0	1	0	1	1
27	1	0	1	0	0	0	0	0
270	1	0	1	1	0	0	0	0
2700	1	0	0	0	1	0	1	0
2702	1	0	0	1	1	0	0	0
2703	1	0	0	1	0	0	0	0
2704	1	0	0	1	1	0	0	1
2705	1	0	0	1	1	0	0	1
2706	1	0	0	1	1	0	0	0
2709	1	0	1	1	1	1	0	1
2711	1	0	1	1	0	0	0	1
2712	1	0	1	0	1	0	0	1
2713	1	0	1	0	1	0	0	1
2714	1	0	0	1	1	0	0	1
2715	1	0	0	1	1	1	0	0
2716	1	0	0	1	1	1	0	0
2717	1	0	0	1	1	0	0	0
2718	1	0	0	1	1	0	0	0
2719	1	0	0	1	1	0	0	1
272	1	0	1	0	0	0	0	0
2720	1	0	0	1	1	1	0	1
2721	1	0	0	1	1	1	0	1
2722	1	0	0	1	1	0	0	1
2723	1	0	0	1	1	0	0	1
2724	1	1	0	0	0	0	0	0
2725	1	1	1	0	0	0	0	0
2727	1	1	1	0	0	0	1	0
2728	1	1	1	0	0	0	1	0
2729	1	1	1	0	0	0	1	1
273	1	0	1	0	0	0	0	0
2732	1	0	0	0	1	0	1	1
2733	1	0	0	1	1	0	0	0
2734	1	0	0	1	1	0	0	0
2735	1	0	0	1	1	0	0	0
2736	1	0	0	1	1	0	0	1
2737	1	0	0	1	1	1	0	1
2738	1	0	0	1	1	1	0	0
2739	1	0	0	1	1	1	0	0
274	1	0	1	0	0	0	0	0
2740	1	0	1	1	1	1	0	0
2741	1	0	1	1	1	1	0	0
2742	1	0	1	1	0	0	0	1
2745	1	0	0	0	1	0	0	1
2746	1	0	0	1	1	0	0	0
2748	1	0	0	1	1	0	0	0
275	1	0	1	0	0	0	0	0
2750	1	0	0	0	1	0	0	0
2751	1	0	0	0	1	0	0	1
2752	1	0	0	1	1	0	0	1
2753	1	0	0	1	1	0	0	1
2754	1	0	0	1	1	0	0	0
2756	1	0	1	0	0	0	0	0
2757	1	1	1	0	0	0	0	0
2758	1	1	1	0	0	0	1	0
2759	1	1	1	0	0	0	1	0
276	1	0	1	0	0	0	0	0
2760	1	1	0	0	0	0	1	0
2761	1	1	0	0	0	0	1	1
2763	1	0	0	0	1	0	0	1
2764	1	0	0	0	1	0	0	1
2765	1	0	0	1	1	0	0	0
2766	1	0	0	1	1	0	0	1
2767	1	0	0	1	1	0	0	1
2768	1	0	0	1	1	0	0	1
2769	1	0	0	1	1	1	0	1
2770	1	0	0	1	1	1	0	0
2771	1	0	0	1	1	1	0	0
2772	1	0	1	1	1	1	0	0
2773	1	0	1	1	0	0	0	0
2776	1	0	0	1	1	0	0	1
2778	1	0	0	1	1	0	0	0
2779	1	0	0	1	1	0	0	0
278	1	0	1	0	0	0	0	0
2780	1	0	0	1	1	0	0	0
2782	1	0	0	0	1	0	0	1
2783	1	0	0	1	1	0	0	1
2785	1	0	0	1	1	1	0	0
2786	1	0	0	1	1	1	0	0
2787	1	0	0	1	1	0	0	1
2789	1	0	1	0	0	0	0	1
2790	1	0	1	0	0	0	1	1
2791	1	0	1	0	0	0	1	1
2793	1	0	0	0	1	0	1	1
2795	1	0	0	0	1	0	0	1
2796	1	0	0	0	1	0	0	1
2797	1	0	0	0	1	0	0	1
2798	1	0	0	1	1	0	0	1
2799	1	0	0	1	1	0	0	1
28	1	0	1	0	0	0	0	0
280	1	0	1	0	0	0	0	0
2800	1	0	0	1	1	1	0	1
2801	1	0	0	1	1	1	0	0
2803	1	0	0	1	1	1	0	0
2804	1	0	1	1	1	0	0	0
2805	1	0	1	1	0	0	0	0
2806	1	0	1	1	0	0	0	1
2807	1	0	1	1	1	0	0	1
2808	1	0	0	1	1	0	0	1
281	1	0	1	0	0	0	0	0
2810	1	0	0	1	1	0	0	0
2812	1	0	0	1	1	0	0	1
2814	1	0	0	0	1	0	0	1
2815	1	0	0	1	1	1	0	1
2816	1	0	0	1	1	1	0	1
2817	1	0	0	1	1	1	0	0
2818	1	0	0	1	1	1	0	0
2819	1	0	0	1	1	0	0	1
282	1	0	1	0	0	0	0	0
2820	1	0	1	0	1	0	0	0
2821	1	0	1	0	1	0	0	1
2822	1	0	1	0	1	0	0	1
2824	1	0	0	0	1	0	0	1
2825	1	0	0	0	1	0	0	1
2826	1	0	0	0	1	0	0	1
2827	1	0	0	0	1	0	0	1
2828	1	0	0	1	1	0	0	1
2829	1	0	0	1	1	0	0	1
283	1	0	1	0	0	0	0	0
2830	1	0	0	1	1	0	0	1
2831	1	0	0	1	1	0	0	1
2832	1	0	0	1	1	1	0	1
2833	1	0	0	1	1	1	0	0
2835	1	0	1	1	1	1	0	1
2836	1	0	1	1	1	0	0	0
2837	1	0	1	1	0	0	0	1
2839	1	0	0	1	1	0	0	1
284	1	0	1	0	0	0	0	0
2840	1	0	0	1	1	0	0	0
2841	1	0	0	1	1	0	0	0
2842	1	0	0	1	1	0	0	1
2844	1	0	0	1	1	1	0	1
2845	1	0	0	0	1	0	0	1
2846	1	0	0	1	1	1	0	1
2847	1	0	0	1	1	1	0	1
2848	1	0	0	1	1	1	0	1
2849	1	0	0	1	1	1	0	1
2850	1	0	0	1	1	1	0	0
2851	1	0	0	1	1	1	0	0
2853	1	0	1	0	1	0	0	1
2854	1	0	0	0	1	0	0	1
2855	1	0	0	0	1	0	0	1
2856	1	0	0	0	1	0	0	1
2858	1	0	0	0	1	0	0	0
2859	1	0	0	0	1	0	0	1
286	1	0	1	0	0	0	0	0
2860	1	0	0	1	1	0	0	1
2861	1	0	0	1	1	0	0	1
2862	1	0	0	1	1	0	0	1
2864	1	0	0	1	1	0	0	0
2865	1	0	0	0	1	0	0	0
2866	1	0	0	0	1	0	0	1
2867	1	0	1	0	1	0	0	1
2868	1	0	1	0	1	0	0	0
287	1	0	1	0	0	0	0	0
2870	1	0	1	1	1	0	0	1
2872	1	0	0	1	1	0	0	0
2873	1	0	0	1	1	0	0	0
2874	1	0	0	1	1	0	0	1
2875	1	0	0	1	1	1	0	1
2877	1	0	0	1	1	1	0	1
2878	1	0	0	1	1	1	0	0
2879	1	0	0	1	1	1	0	1
288	1	0	1	0	0	0	0	0
2880	1	0	0	1	1	1	0	1
2881	1	0	0	1	1	1	0	1
2883	1	0	0	1	1	1	0	0
2884	1	0	0	1	1	0	0	0
2885	1	0	0	0	1	0	0	1
2886	1	0	0	0	1	0	0	1
2887	1	0	0	0	1	0	0	0
2888	1	0	0	0	1	0	0	1
2889	1	0	0	0	1	0	0	1
2890	1	0	0	0	1	0	0	0
2891	1	0	0	0	1	0	0	1
2892	1	0	0	1	1	0	0	1
2894	1	0	0	1	1	0	0	1
2895	1	0	0	1	1	0	0	0
2896	1	0	0	1	1	0	0	0
2897	1	0	0	1	1	0	0	1
2898	1	0	1	0	1	0	0	1
29	1	0	1	0	0	0	0	0
290	1	0	1	0	0	0	0	0
2900	1	0	1	1	1	0	0	1
2901	1	0	1	1	1	0	0	1
2903	1	0	0	1	1	1	0	0
2904	1	0	0	1	1	0	0	0
2906	1	0	0	1	1	0	0	1
2907	1	0	0	1	1	0	0	1
2908	1	0	0	1	1	0	0	1
2909	1	0	0	1	1	1	0	0
2911	1	0	0	1	1	1	0	1
2912	1	0	0	1	1	1	0	1
2914	1	0	0	1	1	0	0	1
2917	1	0	0	1	1	0	0	1
2918	1	0	0	0	1	0	0	1
292	1	0	1	1	0	0	0	0
2920	1	0	0	0	1	0	0	1
2921	1	0	0	0	1	0	0	1
2922	1	0	0	0	1	0	0	0
2923	1	0	0	0	1	0	0	1
2924	1	0	0	1	1	0	0	1
2925	1	0	0	1	1	0	0	1
2926	1	0	0	1	1	0	0	1
2927	1	0	0	1	1	0	0	0
2928	1	0	0	1	1	0	0	1
2929	1	0	1	1	1	0	0	1
293	1	0	1	1	0	0	0	0
2930	1	0	1	0	1	0	0	1
2931	1	0	1	1	0	0	0	0
2934	1	0	0	1	1	1	0	0
2935	1	0	0	1	1	1	0	1
2936	1	0	0	1	1	1	0	1
2937	1	0	0	1	1	0	0	1
2938	1	0	0	1	1	0	0	1
2939	1	0	0	1	1	0	0	1
294	1	0	1	1	0	0	0	0
2940	1	0	0	1	1	1	0	0
2941	1	0	0	1	1	1	0	0
2942	1	0	0	1	1	1	0	0
2943	1	0	0	1	1	1	0	0
2945	1	0	0	1	1	1	0	1
2949	1	0	0	1	0	0	0	0
295	1	0	1	0	0	0	0	0
2950	1	0	0	1	0	1	0	0
2953	1	1	0	1	0	0	0	0
2954	1	1	0	1	0	0	0	0
2955	1	1	0	1	0	1	0	0
2956	1	1	0	1	0	1	0	0
2957	1	0	0	1	0	1	0	0
2958	1	0	0	1	0	1	0	0
296	1	0	1	1	0	0	0	0
2961	1	1	0	1	0	0	0	0
2962	1	1	0	1	0	1	0	0
2964	1	1	0	1	0	0	0	0
2965	1	0	0	1	0	0	0	0
2966	1	0	0	1	0	0	0	0
2967	1	0	0	1	0	0	0	0
2968	1	1	0	1	0	0	0	0
2969	1	1	0	1	0	0	0	0
297	1	0	1	1	0	0	0	0
2973	1	0	0	1	0	0	0	0
2974	1	0	0	1	0	0	0	0
2976	1	1	0	1	0	0	0	0
2977	1	1	0	1	0	0	0	0
298	1	0	1	0	0	0	0	0
2981	1	1	0	1	0	0	0	0
2982	1	0	0	1	0	0	0	0
2985	1	1	0	1	0	1	0	0
2989	1	1	0	1	0	1	0	0
2990	1	1	0	1	0	0	0	0
2991	1	0	0	1	0	0	0	0
2993	1	0	0	1	0	1	0	0
2994	1	1	0	1	0	1	0	0
2995	1	1	0	1	0	0	0	0
2996	0	0	0	1	0	1	0	0
2997	0	0	0	1	0	1	0	0
2999	1	1	0	1	0	0	0	0
30	1	0	1	0	0	0	0	0
300	1	0	1	0	0	0	0	0
3000	1	1	0	1	0	0	0	0
3002	1	0	0	1	0	1	0	0
3003	1	0	0	1	0	1	0	0
3004	1	1	0	1	0	1	0	0
3005	1	1	0	1	0	0	0	0
3006	0	0	0	1	0	1	0	0
3007	0	0	0	1	0	1	0	0
301	1	0	1	0	0	0	0	0
3010	1	1	0	1	0	0	0	0
3011	1	1	0	1	0	0	0	0
3013	1	0	0	1	0	1	0	0
3014	1	1	0	1	0	1	0	0
3015	1	1	0	1	0	1	0	0
3016	0	0	0	1	0	1	0	0
3017	0	0	0	1	0	1	0	0
3019	1	1	0	1	0	0	0	0
302	1	0	1	0	0	0	0	0
3020	1	1	0	1	0	0	0	0
3024	1	1	0	1	0	1	0	0
3026	0	0	0	1	0	1	0	0
303	1	0	1	0	0	0	0	0
3030	1	1	0	1	0	0	0	0
3031	1	0	0	1	0	1	0	0
3033	1	1	0	1	0	1	0	0
3034	1	1	0	1	0	1	0	0
3035	0	0	0	1	0	1	0	0
3039	1	1	0	1	0	0	0	0
304	1	0	1	0	0	0	0	0
3041	1	0	0	1	0	1	0	0
3044	1	1	0	1	0	1	0	0
3045	0	0	0	1	0	1	0	0
3046	0	0	0	1	0	1	0	0
3048	0	0	0	1	0	1	0	0
3051	1	1	0	1	0	0	0	0
3052	1	1	0	1	0	0	0	0
3055	1	0	0	1	0	1	0	0
3056	1	1	0	1	0	1	0	0
3058	1	0	0	1	0	1	0	0
3059	0	0	0	1	0	1	0	0
3062	1	1	0	1	0	0	0	0
3063	1	1	0	1	0	0	0	0
3067	1	1	0	1	0	1	0	0
3069	1	0	0	1	0	1	0	0
307	1	0	1	0	0	0	0	0
3070	0	0	0	1	0	1	0	0
3071	0	0	0	1	0	1	0	0
3072	0	0	0	1	0	1	0	0
3075	1	1	0	1	0	0	0	0
3076	1	0	0	1	0	0	0	0
3077	1	0	0	1	0	1	0	0
308	1	0	1	0	0	0	0	0
3081	1	0	0	1	0	1	0	0
3082	0	0	0	1	0	1	0	0
3084	0	0	0	1	0	1	0	0
3085	0	0	0	1	0	1	0	0
3087	1	1	0	1	0	0	0	0
3088	1	0	0	1	0	0	0	0
309	1	0	1	0	0	0	0	0
3091	1	0	0	1	0	1	0	0
3092	1	1	0	1	0	1	0	0
3093	0	0	0	1	0	1	0	0
3094	0	0	0	1	0	1	0	0
3096	0	0	0	1	0	1	0	0
3098	0	0	0	1	0	1	0	0
3099	0	0	0	1	0	1	0	0
31	1	0	1	0	0	0	0	0
310	1	0	1	0	0	0	0	0
3100	1	1	0	1	0	0	0	0
3101	1	1	0	1	0	0	0	0
3103	1	0	0	1	0	1	0	0
3106	0	0	0	1	1	1	0	0
3107	0	0	0	1	0	1	0	0
3109	1	1	0	1	0	0	0	0
311	1	0	1	0	0	0	0	0
3110	1	1	0	1	0	0	0	0
3111	1	1	0	1	0	0	0	0
3112	1	0	0	1	0	1	0	0
3113	1	0	0	1	0	1	0	0
3119	1	1	0	1	0	0	0	1
312	1	0	1	0	0	0	0	0
3120	1	1	0	1	1	0	0	1
3121	1	1	0	1	1	0	0	1
3123	1	1	0	1	1	0	0	1
3124	1	1	0	1	0	0	0	1
3125	1	1	0	1	0	1	0	0
3127	1	0	0	1	0	1	0	0
3129	1	0	0	1	1	1	0	0
313	1	0	1	0	0	0	0	0
3130	1	1	0	1	1	0	0	0
3133	1	1	0	1	1	0	0	1
3134	1	1	0	1	1	0	0	1
3136	1	1	0	1	1	0	0	1
3137	1	1	0	1	1	0	0	1
3138	1	1	0	1	0	0	0	1
314	1	0	1	0	0	0	0	0
3141	1	0	0	1	0	1	0	0
3143	1	1	0	1	0	1	0	0
3144	1	0	0	1	1	0	0	1
3145	1	1	0	1	1	0	0	1
3146	1	1	0	1	1	0	0	1
3147	1	1	0	1	1	0	0	1
3148	1	1	0	1	1	0	0	1
3149	1	1	0	1	1	0	0	1
315	1	0	1	0	0	0	0	0
3150	1	0	0	1	1	0	0	0
3151	1	0	0	1	1	0	0	0
3152	1	0	0	1	1	0	0	0
3154	1	1	0	1	0	1	0	0
3155	1	1	0	1	0	1	0	0
3156	1	0	0	1	0	1	0	0
3159	1	0	0	1	1	0	0	1
316	1	0	1	0	0	0	0	0
3160	1	1	0	1	1	0	0	1
3161	1	1	0	1	1	0	0	1
3163	1	0	0	1	1	0	0	0
3164	1	0	0	1	1	0	0	0
3165	1	0	0	1	1	0	0	0
3166	1	0	0	1	0	0	0	0
3169	1	1	0	1	0	1	0	0
317	1	0	1	0	0	0	0	0
3170	1	1	0	1	0	0	0	0
3171	1	0	0	1	0	0	0	0
3172	1	0	0	1	1	0	0	1
3173	1	0	0	1	1	0	0	0
3174	1	0	0	1	1	0	0	0
3175	1	0	0	1	1	0	0	0
3176	1	0	0	1	0	0	0	0
3177	1	0	0	1	0	0	0	0
318	1	0	1	1	0	0	0	0
3182	1	1	0	1	0	1	0	0
3183	1	1	0	1	0	0	0	0
3184	1	0	0	1	0	0	0	0
3186	1	1	0	1	0	0	0	0
3187	1	0	0	1	1	0	0	0
3188	1	0	0	1	1	0	0	0
3189	1	0	0	1	1	0	0	0
319	1	0	1	1	0	0	0	0
3190	1	0	0	1	0	0	0	0
3194	1	1	0	1	1	0	0	0
3196	1	1	0	1	0	1	0	0
3199	1	0	0	1	0	0	0	0
32	1	1	0	0	0	0	0	0
3200	1	1	0	1	0	0	0	0
3201	1	1	0	1	0	0	1	0
3202	1	1	0	1	0	0	1	0
3203	1	0	0	1	1	1	0	0
3204	1	0	0	1	1	1	0	0
3205	1	0	0	1	1	0	0	0
3206	1	0	0	1	1	0	0	0
3208	1	1	0	1	0	0	0	0
3209	1	1	0	1	0	0	0	0
3210	1	1	1	1	0	0	0	0
3211	1	1	1	1	0	1	0	0
3214	1	0	0	1	0	0	0	0
3215	1	1	0	1	0	0	0	0
3216	1	1	0	1	0	0	0	0
3217	1	1	0	1	0	0	1	0
3219	1	1	0	0	0	0	1	0
322	1	0	1	0	0	0	0	0
3220	1	0	0	1	1	1	0	0
3221	1	0	0	1	1	1	0	0
3223	1	1	0	1	1	0	0	0
3224	1	1	0	1	0	0	0	0
3225	1	1	0	1	0	0	0	0
3226	1	1	0	1	0	0	0	0
3227	1	0	1	1	0	0	0	0
3228	1	0	1	1	0	0	0	0
3229	1	0	0	1	1	0	0	0
323	1	0	1	0	0	0	0	0
3230	1	1	0	1	1	0	0	0
3231	1	1	0	1	0	0	0	0
3232	1	1	0	1	0	0	0	0
3233	1	1	0	1	0	0	0	0
3234	1	1	0	0	0	0	1	0
3238	1	1	0	1	1	1	0	0
3239	1	1	0	1	1	1	0	0
324	1	0	1	0	0	0	0	0
3241	1	1	0	1	0	0	0	1
3244	1	1	0	1	0	0	0	1
3245	1	1	0	1	1	0	0	0
3246	1	0	0	1	1	0	0	0
3247	1	1	0	1	1	0	0	0
3248	1	1	0	1	0	0	0	0
325	1	0	1	0	0	0	0	0
3250	1	1	0	0	0	0	0	0
3255	1	1	0	1	1	1	0	0
3258	1	1	0	1	0	0	0	1
3259	1	1	0	1	0	0	0	1
326	1	0	1	0	0	0	0	0
3260	1	1	0	1	0	0	0	1
3261	1	1	0	1	1	0	0	0
3262	1	0	0	0	1	0	0	0
3263	1	1	0	1	1	0	0	1
3264	1	1	0	1	0	0	0	1
3265	1	1	0	1	0	0	0	0
3268	1	1	0	1	0	0	0	0
3269	1	1	0	1	0	0	0	0
327	1	0	1	0	0	0	0	0
3270	1	0	0	1	0	0	0	0
3273	1	1	0	1	0	0	0	0
3274	1	1	0	1	0	0	0	0
3275	1	1	0	1	1	0	0	0
3276	1	1	0	1	1	0	0	0
3278	1	1	0	1	1	0	0	1
3279	1	1	0	1	1	0	0	0
3282	1	1	0	1	0	0	0	0
3283	1	0	0	1	0	0	0	0
3284	1	0	0	1	0	0	0	0
3286	1	1	0	1	0	0	0	1
3287	1	1	0	1	0	0	0	0
3288	1	1	0	1	0	0	0	0
3289	1	1	0	1	0	0	0	0
3290	1	1	0	1	0	0	0	0
3291	1	1	0	1	1	0	0	0
3292	1	1	0	1	1	0	0	1
3293	1	1	0	1	1	0	0	1
3294	1	1	0	1	0	0	0	0
3296	1	0	0	1	1	0	0	0
3297	1	0	0	1	0	0	0	0
3298	1	0	0	1	0	0	0	0
3299	1	1	0	1	1	0	0	0
33	1	1	0	0	0	0	0	0
3301	1	1	1	1	0	0	0	0
3302	1	1	1	1	0	0	0	0
3305	1	1	1	1	0	0	0	0
3306	1	1	0	1	1	0	0	0
3307	1	1	0	1	1	0	0	1
3309	1	1	0	1	0	0	0	1
331	1	0	1	0	0	0	0	0
3310	1	1	0	0	0	0	0	0
3312	1	0	0	1	0	0	0	0
3313	1	0	0	1	0	0	0	0
3314	1	1	0	1	1	0	0	0
3315	1	1	1	1	1	0	0	0
3317	1	1	1	1	1	0	0	0
3318	1	0	1	1	1	0	0	0
3319	1	0	1	1	1	0	0	0
332	1	0	1	0	0	0	0	0
3320	1	1	1	1	0	0	0	0
3322	1	1	0	1	0	0	0	1
3325	1	1	0	0	0	0	0	0
3326	1	1	0	0	0	0	0	0
3327	1	0	0	1	0	0	0	0
3328	1	0	1	1	0	0	0	0
3329	1	0	1	1	0	0	0	0
333	1	0	1	0	0	0	0	0
3330	1	1	1	1	1	0	0	0
3331	1	1	1	1	1	0	0	0
3332	1	1	1	1	1	0	0	0
3333	1	0	1	1	1	0	0	0
3334	1	0	1	1	1	0	0	0
3335	1	0	1	1	0	0	0	0
3336	1	0	1	1	0	1	0	0
3337	1	0	1	1	0	1	0	0
334	1	0	1	0	0	0	0	0
3340	1	1	0	1	0	0	0	1
3341	1	1	0	1	0	0	0	0
3342	1	1	0	0	0	0	0	0
335	1	0	1	0	0	0	0	0
337	1	0	1	0	0	0	0	0
338	1	0	1	0	0	0	0	0
339	1	0	1	0	0	0	0	0
34	1	0	1	0	0	0	0	0
340	1	0	1	0	0	0	0	0
341	1	1	1	0	0	0	0	0
342	1	0	1	0	0	0	0	0
343	1	0	1	0	0	0	0	0
344	1	0	1	1	0	0	0	0
345	1	0	1	1	0	0	0	0
346	1	0	1	1	0	0	0	0
347	1	0	0	1	0	0	0	0
348	1	0	1	0	0	0	0	0
349	1	0	1	0	0	0	0	0
350	1	0	1	0	0	0	0	0
352	1	0	1	0	0	0	0	0
353	1	0	1	0	0	0	0	0
354	1	0	1	0	0	0	0	0
355	1	0	1	0	0	0	0	0
356	1	0	1	0	0	0	0	0
357	1	0	1	0	0	0	0	0
358	1	0	1	0	0	0	0	0
36	1	0	1	0	1	0	0	0
360	1	0	1	0	0	0	0	0
361	1	0	1	0	0	0	0	0
362	1	0	1	0	0	0	0	0
364	1	0	1	0	0	0	0	0
365	1	0	1	0	0	0	0	0
366	1	0	1	0	0	0	0	0
367	1	0	1	0	0	0	0	0
369	1	0	1	0	0	0	0	0
370	1	1	1	0	0	0	0	0
371	1	0	1	0	0	0	0	0
372	1	0	1	1	0	0	0	0
375	1	0	1	1	0	0	0	0
376	1	0	0	1	0	0	0	0
377	1	0	1	0	0	0	0	0
378	1	0	1	0	0	0	0	0
379	1	0	1	0	0	0	0	0
38	1	0	1	0	0	0	0	1
380	1	0	1	0	0	0	0	0
381	1	0	1	0	0	0	0	0
382	1	0	1	0	0	0	0	0
383	1	0	1	0	0	0	0	0
386	1	0	1	0	0	0	0	0
387	1	0	1	0	0	0	0	0
389	1	0	1	0	0	0	0	0
39	1	0	1	0	0	0	0	0
390	1	0	1	0	0	0	0	0
391	1	0	1	0	0	0	0	0
392	1	0	1	0	0	0	0	0
393	1	0	1	0	0	0	0	0
394	1	0	1	0	0	0	0	0
395	1	0	1	0	0	0	0	0
396	1	0	1	0	0	0	0	0
397	1	0	1	0	0	0	0	0
398	1	0	1	0	0	0	0	0
399	1	0	1	0	0	0	0	0
4	1	1	0	0	0	0	0	0
40	1	0	1	0	0	0	0	0
400	1	1	1	0	0	0	0	0
401	1	0	1	0	0	0	0	0
402	1	0	1	1	0	0	0	0
403	1	0	1	1	0	0	0	0
404	1	0	1	1	0	0	0	0
405	1	0	0	1	0	0	0	0
406	1	0	1	0	0	0	0	0
407	1	0	1	0	0	0	0	0
408	1	0	1	0	0	0	0	0
409	1	0	1	0	0	0	0	0
41	1	0	1	0	0	0	0	0
410	1	0	1	0	0	0	0	0
412	1	0	1	0	0	0	0	0
413	1	0	1	0	0	0	0	0
415	1	0	1	0	0	0	0	0
416	1	0	1	0	0	0	0	0
417	1	0	1	0	0	0	0	0
418	1	0	1	0	0	0	0	0
419	1	0	1	0	0	0	0	0
42	1	0	1	0	0	0	0	0
420	1	0	1	0	0	0	0	0
421	1	0	1	0	0	0	0	0
422	1	0	1	0	0	0	0	0
423	1	0	1	0	0	0	0	0
425	1	0	1	0	0	0	0	0
426	1	0	1	0	0	0	0	0
427	1	0	1	0	0	0	0	0
428	1	1	1	0	0	0	0	0
429	1	0	1	1	0	0	0	0
43	1	0	1	0	0	0	0	0
430	1	0	1	1	0	0	0	0
432	1	0	0	1	0	0	0	0
433	1	0	1	0	0	0	0	0
434	1	0	1	0	0	0	0	0
435	1	0	1	0	0	0	0	0
437	1	0	1	0	0	0	0	0
438	1	0	1	0	0	0	0	0
44	1	0	1	0	0	0	0	0
440	1	0	1	0	0	0	0	0
441	1	0	1	0	0	0	0	0
442	1	0	1	0	0	0	0	0
443	1	0	1	0	0	0	0	0
444	1	0	1	0	0	0	0	0
445	1	0	1	0	0	0	0	0
446	1	0	1	0	0	0	0	0
448	1	0	1	0	0	0	0	0
449	1	0	1	0	0	0	0	0
45	1	0	1	0	0	0	0	0
450	1	0	1	0	0	0	0	0
452	1	0	1	0	0	0	0	0
453	1	0	1	0	0	0	0	0
455	1	0	1	0	0	0	0	0
456	1	0	1	0	0	0	0	0
458	1	1	1	0	0	0	0	0
460	1	0	1	1	0	0	0	0
461	1	0	0	1	0	0	0	0
462	1	0	1	0	0	0	0	0
463	1	0	1	0	0	0	0	0
464	1	0	1	0	0	0	0	0
465	1	0	1	0	0	0	0	0
466	1	0	1	0	0	0	0	0
467	1	0	1	0	0	0	0	0
468	1	0	1	0	0	0	0	0
469	1	0	1	0	0	0	0	0
47	1	0	1	0	0	0	0	0
470	1	0	1	0	0	0	0	0
471	1	0	1	0	0	0	0	0
472	1	0	1	0	0	0	0	0
473	1	0	1	0	0	0	0	0
474	1	0	1	0	0	0	0	0
475	1	0	1	0	0	0	0	0
476	1	0	1	0	0	0	0	0
477	1	0	1	0	0	0	0	0
478	1	0	1	0	0	0	0	0
479	1	0	1	0	0	0	0	0
48	1	0	1	0	0	0	0	0
480	1	0	1	0	0	0	0	0
481	1	0	1	0	0	0	0	0
482	1	0	1	0	0	0	0	0
483	1	0	1	0	0	0	0	0
487	1	1	1	0	0	0	0	0
488	1	0	1	1	0	0	0	0
489	1	0	0	1	0	0	0	0
49	1	0	1	0	0	0	0	0
490	1	0	1	0	0	0	0	0
491	1	0	1	0	0	0	0	0
493	1	0	1	0	0	0	0	0
494	1	0	1	0	0	0	0	0
495	1	0	1	0	0	0	0	0
496	1	0	1	0	0	0	0	0
499	1	0	1	0	0	0	0	0
5	1	1	0	0	0	0	0	0
501	1	0	1	0	0	0	0	0
502	1	0	1	0	0	0	0	0
503	1	0	1	0	0	0	0	0
504	1	0	1	0	0	0	0	0
505	1	0	1	0	0	0	0	0
506	1	0	1	0	0	0	0	0
507	1	0	1	0	0	0	0	0
508	1	0	1	0	0	0	0	0
509	1	0	1	0	0	0	0	0
51	1	0	1	0	0	0	0	0
510	1	0	1	0	0	0	0	0
511	1	1	1	0	0	0	0	0
512	1	1	1	0	0	0	0	0
513	1	1	1	0	0	0	0	0
514	1	1	1	0	0	0	0	0
515	1	1	1	0	0	0	0	0
516	1	0	1	1	0	0	0	1
519	1	0	1	0	0	0	0	1
52	1	0	1	0	0	0	0	0
520	1	0	1	0	0	0	0	0
521	1	0	1	0	0	0	0	0
522	1	0	1	0	0	0	0	0
523	1	0	1	0	0	0	0	0
525	1	0	1	0	0	0	0	0
526	1	0	1	0	0	0	0	0
527	1	0	1	0	0	0	0	0
528	1	0	1	0	0	0	0	0
529	1	0	1	0	0	0	0	0
532	1	0	1	0	0	0	0	0
534	1	0	1	0	0	0	0	0
535	1	0	1	0	0	0	0	0
536	1	0	1	0	0	0	0	0
538	1	0	1	0	0	0	0	0
539	1	0	1	0	0	0	0	0
54	1	0	1	0	0	0	0	0
540	1	0	1	0	0	0	0	0
541	1	0	1	0	0	0	0	0
542	1	0	1	0	0	0	0	0
543	1	1	1	0	0	0	0	0
544	1	1	1	0	0	0	0	0
545	0	1	1	0	0	0	0	0
546	0	1	1	0	0	0	0	0
548	1	0	0	0	1	0	0	1
549	1	0	0	0	1	0	0	1
55	1	0	1	0	0	0	0	0
550	1	0	1	0	1	0	0	1
551	1	0	1	0	0	0	0	1
553	1	0	1	0	0	0	0	0
554	1	0	1	0	0	0	0	0
555	1	0	1	0	0	0	0	0
556	1	0	1	0	0	0	0	0
557	1	0	1	0	0	0	0	0
558	1	0	1	0	0	0	0	0
559	1	0	1	0	0	0	0	0
560	1	0	1	0	0	0	0	0
561	1	0	1	0	0	0	0	0
562	1	0	1	0	0	0	0	0
563	1	0	1	0	0	0	0	0
564	1	0	1	0	0	0	0	0
567	1	0	1	0	0	0	0	0
568	1	0	1	0	0	0	0	0
569	1	0	1	0	0	0	0	0
57	1	0	1	0	0	0	0	0
571	1	0	1	0	0	0	0	0
573	1	0	1	0	0	0	0	0
574	1	0	1	0	0	0	0	0
576	1	1	1	0	0	0	0	0
577	0	1	1	0	0	0	0	0
578	0	1	1	0	0	0	0	0
579	0	1	1	0	0	0	0	0
58	1	0	1	0	0	0	0	0
580	1	0	0	0	1	0	0	1
581	1	0	0	0	1	0	0	1
582	1	0	1	0	1	0	0	1
583	1	0	1	0	1	0	0	1
584	1	0	1	0	0	0	0	0
585	1	0	1	0	0	0	0	0
586	1	0	1	0	0	0	0	0
587	1	0	1	0	0	0	0	0
588	1	0	1	0	0	0	0	0
589	1	0	1	0	0	0	0	0
59	1	0	1	0	0	0	0	0
590	1	0	1	0	0	0	0	0
591	1	0	1	0	0	0	0	0
592	1	0	1	0	0	0	0	0
593	1	0	1	0	0	0	0	0
594	1	0	1	0	0	0	0	0
596	1	0	1	0	0	0	0	0
597	1	0	1	0	0	0	0	0
598	1	0	1	0	0	0	0	0
599	1	0	1	0	0	0	0	0
6	1	1	0	0	0	0	0	0
60	1	0	1	0	0	0	0	0
600	1	0	1	0	0	0	0	0
601	1	0	1	0	0	0	0	0
604	1	0	1	0	0	0	0	0
605	1	0	1	0	0	0	0	0
606	1	0	1	0	0	0	0	0
607	1	1	1	0	0	0	0	0
608	1	1	1	0	0	0	0	0
609	0	1	1	0	0	0	0	0
61	1	0	1	0	0	0	0	0
612	1	0	0	0	1	0	0	1
613	1	0	0	0	1	0	0	1
614	1	0	0	0	1	0	0	0
615	1	0	1	0	1	0	0	0
616	1	0	1	0	0	0	0	0
617	1	0	1	0	0	0	0	0
618	1	0	1	0	0	0	0	0
619	1	0	1	0	0	0	0	0
62	1	0	1	0	0	0	0	0
622	1	0	1	0	0	0	0	0
623	1	0	1	0	0	0	0	0
625	1	0	1	0	0	0	0	0
626	1	0	1	0	0	0	0	0
627	1	0	1	0	0	0	0	0
628	1	0	1	0	0	0	0	0
629	1	0	1	0	0	0	0	0
630	1	0	1	0	0	0	0	0
631	1	0	1	0	0	0	0	0
632	1	0	1	0	0	0	0	0
633	1	0	1	0	0	0	0	0
635	1	0	1	0	0	0	0	0
636	1	0	1	0	0	0	0	0
637	1	0	1	0	0	0	0	0
638	1	1	1	0	0	0	0	0
639	1	1	1	0	0	0	0	0
64	1	0	1	0	1	0	0	0
640	1	1	1	0	0	0	0	0
641	0	1	1	0	0	0	0	0
643	1	0	0	0	1	0	0	1
644	1	0	0	0	1	0	0	1
645	1	0	1	0	1	0	0	0
646	1	0	1	0	1	0	0	0
647	1	0	1	0	0	0	0	0
648	1	0	1	0	0	0	0	0
649	1	0	1	0	0	0	0	0
65	1	0	1	0	1	0	0	0
650	1	0	1	0	0	0	0	0
652	1	0	1	0	0	0	0	0
655	1	0	1	0	0	0	0	0
656	1	0	1	0	0	0	0	0
658	1	0	1	0	0	0	0	0
659	1	0	1	0	0	0	0	0
66	1	0	1	0	0	0	0	0
661	1	0	1	0	0	0	0	0
662	1	0	1	0	0	0	0	0
663	1	0	1	0	0	0	0	0
664	1	0	1	0	0	0	0	0
666	1	0	1	0	0	0	0	0
667	1	0	1	0	0	0	0	0
668	1	0	1	0	0	0	0	0
669	1	1	1	1	0	0	0	0
67	1	0	1	0	0	0	0	0
670	1	1	1	1	0	0	0	0
671	1	1	1	1	0	0	0	0
672	1	1	1	0	0	0	0	0
673	1	1	1	0	0	0	0	0
678	1	0	1	0	0	0	0	0
68	1	0	1	0	0	0	0	0
680	1	0	1	0	0	0	0	0
682	1	0	1	0	0	0	0	0
683	1	0	1	0	0	0	0	0
684	1	0	1	0	0	0	0	0
685	1	0	1	0	0	0	0	0
686	1	0	1	0	0	0	0	0
687	1	0	1	0	0	0	0	0
688	1	0	1	0	0	0	0	0
689	1	0	1	0	0	0	0	0
691	1	0	1	0	0	0	0	0
693	1	0	1	0	0	0	0	0
694	1	0	1	0	0	0	0	0
695	1	0	1	0	0	0	0	0
696	1	0	1	0	0	0	0	0
697	1	0	1	1	0	0	0	0
698	1	1	1	1	0	0	0	0
699	1	1	1	1	0	0	0	0
7	1	1	0	0	0	0	0	0
70	1	0	1	0	0	0	0	0
700	1	1	1	0	0	0	0	0
701	1	1	1	0	0	0	0	0
703	1	0	1	0	0	0	0	0
705	1	0	1	0	0	0	0	0
706	1	0	1	0	0	0	0	0
707	1	0	1	0	0	0	0	0
708	1	0	1	0	0	0	0	0
709	1	0	1	0	0	0	0	0
71	1	0	1	0	0	0	0	0
711	1	0	1	0	0	0	0	0
712	1	0	1	0	0	0	0	0
713	1	0	1	0	0	0	0	0
714	1	0	1	0	0	0	0	0
715	1	0	1	0	0	0	0	0
717	1	0	1	0	0	0	0	0
718	1	0	1	0	0	0	0	0
719	1	0	1	0	0	0	0	0
72	1	0	1	0	0	0	0	0
720	1	0	1	0	0	0	0	0
721	1	0	1	0	0	0	0	0
722	1	0	1	0	0	0	0	0
723	1	0	1	0	0	0	0	0
724	1	0	1	0	0	0	0	0
725	1	0	1	0	0	0	0	0
726	1	0	1	1	0	0	0	0
727	1	0	1	1	0	0	0	0
729	1	0	1	1	0	0	0	0
73	1	0	1	0	0	0	0	0
730	1	1	1	1	0	0	0	0
731	1	1	0	1	0	0	0	0
734	1	0	1	0	0	0	0	1
735	1	0	1	0	0	0	0	0
736	1	0	1	0	0	0	0	0
737	1	0	1	0	0	0	0	0
738	1	0	1	0	0	0	0	0
739	1	0	1	0	0	0	0	0
74	1	0	1	0	0	0	0	0
740	1	0	1	0	0	0	0	0
741	1	0	1	0	0	0	0	0
742	1	0	1	0	0	0	0	0
743	1	0	1	0	0	0	0	0
744	1	0	1	0	0	0	0	0
745	1	0	1	0	0	0	0	0
748	1	0	1	0	0	0	0	0
75	1	0	1	0	0	0	0	0
751	1	0	1	0	0	0	0	0
752	1	0	1	0	0	0	0	0
753	1	0	1	0	0	0	0	0
754	1	0	1	0	0	0	0	0
755	1	0	1	0	0	0	0	0
756	1	0	1	0	0	0	0	0
759	1	0	1	1	0	0	0	0
76	1	0	1	0	0	0	0	0
760	1	0	1	1	0	0	0	0
761	1	1	1	1	0	0	0	0
762	1	1	0	1	0	0	0	0
765	1	0	1	0	0	0	0	1
766	1	0	1	0	0	0	0	1
767	1	0	1	0	1	0	0	1
768	1	0	1	0	1	0	0	1
769	1	0	1	0	1	0	0	0
77	1	0	1	0	1	0	0	0
770	1	0	0	0	1	0	0	1
771	1	0	0	0	1	0	0	1
774	1	0	1	0	0	0	0	0
776	1	0	1	0	0	0	0	0
777	1	0	1	0	0	0	0	0
778	1	0	1	0	0	0	0	0
779	1	0	1	0	0	0	0	0
780	1	0	1	0	0	0	0	0
781	1	0	1	0	0	0	0	0
782	1	0	1	0	0	0	0	0
783	1	0	1	0	0	0	0	0
784	1	0	1	0	0	0	0	0
785	1	0	1	0	0	0	0	0
786	1	0	1	0	0	0	0	0
787	1	0	1	0	0	0	0	0
790	1	0	1	1	0	0	0	0
791	1	0	0	1	0	0	0	0
792	1	0	1	0	0	0	0	1
793	1	0	1	0	0	0	0	1
795	1	0	1	0	1	0	0	1
796	1	0	1	0	1	0	0	0
799	1	0	1	0	0	0	0	0
8	1	1	1	0	0	0	0	0
80	1	0	1	0	0	0	0	0
800	1	0	1	0	0	0	0	0
801	1	0	1	0	0	0	0	0
802	1	0	1	0	0	0	0	0
803	1	0	1	0	0	0	0	0
804	1	0	1	0	0	0	0	0
805	1	0	1	0	0	0	0	0
806	1	0	1	0	0	0	0	0
807	1	0	1	0	0	0	0	0
808	1	0	1	0	0	0	0	0
81	1	0	1	0	0	0	0	0
810	1	0	1	0	0	0	0	0
811	1	0	1	0	0	0	0	0
812	1	0	1	0	0	0	0	0
813	1	0	1	0	0	0	0	0
815	1	0	0	1	0	0	0	0
816	1	0	0	0	1	0	0	0
817	1	0	0	0	1	0	0	1
818	1	0	1	0	1	0	0	1
819	1	0	1	0	1	0	0	0
82	1	0	1	0	0	0	0	0
821	1	0	0	0	1	0	0	0
822	1	0	0	0	1	0	0	1
823	1	0	0	0	1	0	0	1
824	1	0	1	0	0	0	0	0
825	1	0	1	0	0	0	0	0
826	1	0	1	0	0	0	0	0
829	1	0	1	0	0	0	0	0
83	1	0	1	0	0	0	0	0
830	1	0	1	0	0	0	0	0
832	1	0	1	0	0	0	0	0
833	1	0	1	0	0	0	0	0
834	1	0	1	0	0	0	0	0
835	1	0	1	0	0	0	0	0
836	1	0	1	0	0	0	0	0
837	1	0	1	0	0	0	0	0
838	1	0	1	0	0	0	0	0
839	1	0	1	1	0	0	0	0
84	1	0	1	0	0	0	0	0
840	1	0	1	1	0	0	0	0
841	1	0	1	1	0	0	0	0
842	1	0	1	1	0	0	0	0
843	1	0	1	1	0	0	0	0
844	1	0	0	0	1	0	0	0
846	1	0	0	0	1	0	0	1
847	1	0	1	0	1	0	0	1
848	1	0	1	0	1	0	0	1
85	1	0	1	0	0	0	0	0
850	1	0	0	0	1	0	0	0
853	1	0	1	0	0	0	0	0
854	1	0	1	0	0	0	0	0
855	1	0	1	0	0	0	0	0
856	1	0	1	0	0	0	0	0
857	1	0	1	0	0	0	0	0
858	1	0	1	0	0	0	0	0
860	1	0	1	0	0	0	0	0
861	1	0	1	0	0	0	0	0
862	1	0	1	0	0	0	0	0
863	1	0	1	0	0	0	0	0
865	1	0	1	0	0	0	0	0
869	1	0	1	1	0	0	0	0
87	1	0	1	0	0	0	0	0
870	1	0	0	1	0	0	0	0
872	1	0	1	1	0	0	0	0
873	1	0	0	0	1	0	0	0
874	1	0	0	0	1	0	0	0
875	1	0	0	0	1	0	0	0
877	1	0	1	0	1	0	0	1
878	1	0	0	0	1	0	0	0
88	1	0	1	0	0	0	0	0
880	1	0	0	0	1	0	0	0
881	1	0	1	0	0	0	0	0
882	1	0	1	0	0	0	0	0
883	1	0	1	0	0	0	0	0
884	1	0	1	0	0	0	0	0
885	1	0	1	0	0	0	0	0
886	1	0	1	0	0	0	0	0
887	1	0	1	0	0	0	0	0
889	1	0	1	0	0	0	0	0
89	1	0	1	0	0	0	0	0
890	1	0	1	0	0	0	0	0
892	1	0	1	0	0	0	0	0
893	1	0	1	0	0	0	0	0
894	1	0	1	0	0	0	0	0
895	1	0	1	1	0	0	0	0
897	1	0	0	1	0	0	0	0
898	1	0	0	1	0	0	0	0
899	1	0	1	1	0	0	0	0
9	1	1	1	0	1	0	0	0
90	1	0	1	0	0	0	0	0
900	1	0	1	1	1	0	0	0
901	1	0	0	0	1	0	0	0
902	1	0	0	0	1	0	0	0
903	1	0	1	0	1	0	0	1
904	1	0	1	0	1	0	0	1
905	1	0	0	0	1	0	0	1
906	1	0	0	0	1	0	0	0
907	1	0	0	0	1	0	0	0
909	1	0	1	0	0	0	0	0
91	1	0	1	0	0	0	0	0
910	1	0	1	0	0	0	0	0
913	1	0	1	0	0	0	0	0
914	1	0	1	0	0	0	0	0
915	1	0	1	0	0	0	0	0
917	1	0	1	0	0	0	0	0
918	1	0	1	0	0	0	0	0
92	1	0	1	0	0	0	0	0
920	1	0	1	0	0	0	0	0
923	1	0	0	1	0	0	0	0
924	1	0	0	1	0	0	0	0
925	1	0	1	1	0	0	0	0
926	1	0	1	1	1	0	0	0
927	1	1	0	0	0	0	0	0
928	1	1	0	0	0	0	0	0
929	1	1	1	0	0	0	0	0
93	1	0	1	0	0	0	0	0
930	1	1	1	0	0	0	0	0
931	1	0	1	0	0	0	0	0
932	1	0	1	0	0	0	0	0
933	1	0	1	0	0	0	0	0
934	1	0	1	0	0	0	0	0
936	1	0	1	0	0	0	0	0
937	1	0	1	0	0	0	0	0
938	1	0	1	0	0	0	0	0
939	1	0	1	0	0	0	0	0
94	1	0	1	0	0	0	0	0
940	1	1	0	0	0	0	0	1
942	1	1	1	0	0	0	0	0
943	0	1	1	0	0	0	0	0
944	1	1	0	0	0	0	0	0
945	1	1	1	0	0	0	0	0
946	1	1	1	0	0	0	0	0
947	1	0	1	0	0	0	0	0
949	1	0	1	0	0	0	0	1
95	1	0	1	0	0	0	0	0
950	1	0	1	0	0	0	0	0
952	1	0	1	0	0	0	0	0
953	1	0	1	0	0	0	0	0
954	1	0	1	0	0	0	0	0
955	1	0	1	0	0	0	0	0
956	1	1	0	0	0	0	0	1
957	1	1	1	0	0	0	0	0
958	0	1	1	0	0	0	0	0
959	0	1	1	0	0	0	0	0
96	1	0	1	0	0	0	0	0
960	1	1	1	0	0	0	0	0
961	1	1	1	0	0	0	0	0
962	1	1	1	0	0	0	0	0
964	1	0	1	0	0	0	0	1
965	1	0	1	0	0	0	0	1
967	1	0	1	0	0	0	0	0
968	1	0	1	0	0	0	0	0
969	1	0	1	0	0	0	0	0
97	1	0	1	0	0	0	0	0
970	1	0	1	0	0	0	0	0
971	1	0	1	0	0	0	0	0
973	1	1	1	0	0	0	0	0
975	1	1	1	0	0	0	0	0
976	1	1	1	0	0	0	0	0
977	1	1	1	0	0	0	0	0
979	1	0	1	0	0	0	0	0
98	1	0	1	0	0	0	0	0
980	1	0	1	0	0	0	0	0
981	1	0	1	0	0	0	0	0
982	1	0	1	0	0	0	0	0
983	1	0	1	0	0	0	0	0
984	1	0	1	0	0	0	0	0
985	1	0	1	0	0	0	0	0
987	1	1	1	0	0	0	0	0
99	1	0	1	0	0	0	0	0
990	1	1	0	0	0	0	0	0
991	1	1	1	0	0	0	0	0
992	1	1	1	0	0	0	0	0
994	1	0	1	0	0	0	0	0
996	1	0	1	0	0	0	0	0
997	1	0	1	0	0	0	0	0
998	1	0	1	0	0	0	0	0
